<site>
 <posts />
 <pages>
  <page author="" caption="Home" dateModified="02/22/2015 16:56:08" description="Description" keywords="Keywords" metaTags="" name="home" path="/home" showInHmenu="True" showInVmenu="True" showTitle="False" title="Home" titleInBrowser="Home">
   <pageHead></pageHead>
   <content>&lt;div class="art-content-layout" style=" border-collapse: separate; "&gt;
    &lt;div class="art-content-layout-row"&gt;
    &lt;div class="art-layout-cell" style="color: #1F1F1F; background: #B1B8C3; padding-right: 5px;padding-left: 5px; width:100%" &gt;
        &lt;h3 style="color:#4C5057; float: left; margin-left: 30px; padding-top: 10px"&gt;We can create software which is right for you!&lt;/h3&gt;&lt;p style="float: right; margin-right: 40px"&gt;&lt;a href="#" class="art-button"&gt;Learn more&lt;/a&gt;&lt;/p&gt;
    &lt;/div&gt;
    &lt;/div&gt;
&lt;/div&gt;
&lt;div class="art-content-layout-br" style="border-top-width:2px;border-top-style:solid;border-top-color:#B1B8C3;margin-top: 5px;margin-bottom: 5px;"&gt;
&lt;/div&gt;&lt;div class="art-content-layout"&gt;
    &lt;div class="art-content-layout-row"&gt;
    &lt;div class="art-layout-cell" style="padding-right: 5px;padding-left: 5px; width:63%" &gt;
        &lt;h3&gt;Providing The Best Quality In Time&lt;/h3&gt;
    &lt;/div&gt;&lt;div class="art-layout-cell" style="padding-right: 5px;padding-left: 5px; width:37%" &gt;
        &lt;h3&gt;What We Do&lt;/h3&gt;
    &lt;/div&gt;
    &lt;/div&gt;
&lt;/div&gt;
&lt;div class="art-content-layout"&gt;
    &lt;div class="art-content-layout-row"&gt;
    &lt;div class="art-layout-cell" style="padding-right: 5px;padding-left: 5px; width:63%" &gt;
        &lt;p&gt;&lt;img width="400" height="290" alt="" src="Fotolia_5170186_X.png" style="margin:0;" class=""&gt;&lt;/p&gt;&lt;p&gt;Tellus amet tortor quis lobortis sed lacus tincidunt. Aliquam at egestas cras nulla proin nec elementum vel orci in praesent amet neque sociosqu fringilla purus euismod enim sit praesent rutrum. Eros orci nam nam luctus mi nam nisi posuere.&lt;/p&gt;&lt;p&gt;&lt;a href="#" class="art-button"&gt;Learn more&lt;/a&gt;&lt;/p&gt;
    &lt;/div&gt;&lt;div class="art-layout-cell" style="padding-right: 5px;padding-left: 5px; width:37%" &gt;
        &lt;p&gt;&lt;img width="150" height="112" alt="" src="w.png" class=""&gt;&lt;/p&gt;&lt;p style="border-bottom: 2px solid #B1B8C3"&gt;Eget at suspendisse malesuada a maecenas dui euismod hendrerit. Commodo ultricies accumsan. &lt;a href="#"&gt;&lt;img width="8" height="6" alt="" src="5.png"&gt;&lt;/a&gt;&lt;br&gt;&lt;br&gt;&lt;/p&gt;&lt;p&gt;&lt;img width="150" height="112" alt="" src="w2.png"&gt;&lt;/p&gt;&lt;p&gt;Aenean sit orci a nibh in blandit phasellus hendrerit urna nisi arcu lacus et auctor. &lt;a href="#"&gt;&lt;img width="8" height="6" alt="" src="5.png"&gt;&lt;/a&gt;&lt;/p&gt;&lt;p&gt;&lt;a href="#" class="art-button"&gt;Learn more&lt;/a&gt;&lt;/p&gt;
    &lt;/div&gt;
    &lt;/div&gt;
&lt;/div&gt;
&lt;div class="art-content-layout-br" style="border-top-width:2px;border-top-style:solid;border-top-color:#B1B8C3;margin-top: 0px;margin-bottom: 0px;"&gt;
&lt;/div&gt;&lt;div class="art-content-layout"&gt;
    &lt;div class="art-content-layout-row"&gt;
    &lt;div class="art-layout-cell" style="padding-right: 5px;padding-left: 5px; width:100%" &gt;
        &lt;h3&gt;Why To Work With Us&lt;/h3&gt;&lt;p&gt;&lt;img width="200" height="256" alt="" src="shutterstock_46513126.jpg" style="float:left; margin-right: 10px" class=""&gt;&lt;/p&gt;&lt;p&gt;Vehicula leo vel curabitur ac facilisis risus laoreet. Quis nunc nec ad consequat nec amet eu eu quam cras ipsum imperdiet porta ligula nunc nunc dapibus congue sed. Gravida maecenas sodales vivamus ut nullam ut nam et vestibulum. etiam tincidunt in posuere.&lt;/p&gt;&lt;p&gt;Pellentesque cursus lacus viverra vitae orci et lorem id blandit. Est sem elementum et senectus id hendrerit. Vivamus nonummy venenatis ac sagittis nisl ut praesent nam non mollis mi.&lt;/p&gt;&lt;p&gt;Auctor posuere id felis sed iaculis. Quis ullamcorper etiam. Et at adipiscing mauris posuere hendrerit interdum augue odio cras in eros. Pulvinar nunc nunc elementum vel hendrerit eget faucibus ac.&lt;/p&gt;&lt;p&gt;&lt;a href="#" class="art-button"&gt;Learn more&lt;/a&gt;&lt;/p&gt;
    &lt;/div&gt;
    &lt;/div&gt;
&lt;/div&gt;
</content>
   <layout>
    <struct>&lt;div class="art-content-layout" style=" border-collapse: separate; "&gt;
    &lt;div class="art-content-layout-row"&gt;
    &lt;div class="art-layout-cell" style="color: #1F1F1F; background: #B1B8C3; padding-right: 5px;padding-left: 5px; width:100%" &gt;
        {content}
    &lt;/div&gt;
    &lt;/div&gt;
&lt;/div&gt;
&lt;div class="art-content-layout-br" style="border-top-width:2px;border-top-style:solid;border-top-color:#B1B8C3;margin-top: 5px;margin-bottom: 5px;"&gt;
&lt;/div&gt;&lt;div class="art-content-layout"&gt;
    &lt;div class="art-content-layout-row"&gt;
    &lt;div class="art-layout-cell" style="padding-right: 5px;padding-left: 5px; width:63%" &gt;
        {content}
    &lt;/div&gt;&lt;div class="art-layout-cell" style="padding-right: 5px;padding-left: 5px; width:37%" &gt;
        {content}
    &lt;/div&gt;
    &lt;/div&gt;
&lt;/div&gt;
&lt;div class="art-content-layout"&gt;
    &lt;div class="art-content-layout-row"&gt;
    &lt;div class="art-layout-cell" style="padding-right: 5px;padding-left: 5px; width:63%" &gt;
        {content}
    &lt;/div&gt;&lt;div class="art-layout-cell" style="padding-right: 5px;padding-left: 5px; width:37%" &gt;
        {content}
    &lt;/div&gt;
    &lt;/div&gt;
&lt;/div&gt;
&lt;div class="art-content-layout-br" style="border-top-width:2px;border-top-style:solid;border-top-color:#B1B8C3;margin-top: 0px;margin-bottom: 0px;"&gt;
&lt;/div&gt;&lt;div class="art-content-layout"&gt;
    &lt;div class="art-content-layout-row"&gt;
    &lt;div class="art-layout-cell" style="padding-right: 5px;padding-left: 5px; width:100%" &gt;
        {content}
    &lt;/div&gt;
    &lt;/div&gt;
&lt;/div&gt;
</struct>
    <contents>
     <content>&lt;h3 style="color:#4C5057; float: left; margin-left: 30px; padding-top: 10px"&gt;We can create software which is right for you!&lt;/h3&gt;&lt;p style="float: right; margin-right: 40px"&gt;&lt;a href="#" class="art-button"&gt;Learn more&lt;/a&gt;&lt;/p&gt;</content>
     <content>&lt;h3&gt;Providing The Best Quality In Time&lt;/h3&gt;</content>
     <content>&lt;h3&gt;What We Do&lt;/h3&gt;</content>
     <content>&lt;p&gt;&lt;img width="400" height="290" alt="" src="Fotolia_5170186_X.png" style="margin:0;" class=""&gt;&lt;/p&gt;&lt;p&gt;Tellus amet tortor quis lobortis sed lacus tincidunt. Aliquam at egestas cras nulla proin nec elementum vel orci in praesent amet neque sociosqu fringilla purus euismod enim sit praesent rutrum. Eros orci nam nam luctus mi nam nisi posuere.&lt;/p&gt;&lt;p&gt;&lt;a href="#" class="art-button"&gt;Learn more&lt;/a&gt;&lt;/p&gt;</content>
     <content>&lt;p&gt;&lt;img width="150" height="112" alt="" src="w.png" class=""&gt;&lt;/p&gt;&lt;p style="border-bottom: 2px solid #B1B8C3"&gt;Eget at suspendisse malesuada a maecenas dui euismod hendrerit. Commodo ultricies accumsan. &lt;a href="#"&gt;&lt;img width="8" height="6" alt="" src="5.png"&gt;&lt;/a&gt;&lt;br&gt;&lt;br&gt;&lt;/p&gt;&lt;p&gt;&lt;img width="150" height="112" alt="" src="w2.png"&gt;&lt;/p&gt;&lt;p&gt;Aenean sit orci a nibh in blandit phasellus hendrerit urna nisi arcu lacus et auctor. &lt;a href="#"&gt;&lt;img width="8" height="6" alt="" src="5.png"&gt;&lt;/a&gt;&lt;/p&gt;&lt;p&gt;&lt;a href="#" class="art-button"&gt;Learn more&lt;/a&gt;&lt;/p&gt;</content>
     <content>&lt;h3&gt;Why To Work With Us&lt;/h3&gt;&lt;p&gt;&lt;img width="200" height="256" alt="" src="shutterstock_46513126.jpg" style="float:left; margin-right: 10px" class=""&gt;&lt;/p&gt;&lt;p&gt;Vehicula leo vel curabitur ac facilisis risus laoreet. Quis nunc nec ad consequat nec amet eu eu quam cras ipsum imperdiet porta ligula nunc nunc dapibus congue sed. Gravida maecenas sodales vivamus ut nullam ut nam et vestibulum. etiam tincidunt in posuere.&lt;/p&gt;&lt;p&gt;Pellentesque cursus lacus viverra vitae orci et lorem id blandit. Est sem elementum et senectus id hendrerit. Vivamus nonummy venenatis ac sagittis nisl ut praesent nam non mollis mi.&lt;/p&gt;&lt;p&gt;Auctor posuere id felis sed iaculis. Quis ullamcorper etiam. Et at adipiscing mauris posuere hendrerit interdum augue odio cras in eros. Pulvinar nunc nunc elementum vel hendrerit eget faucibus ac.&lt;/p&gt;&lt;p&gt;&lt;a href="#" class="art-button"&gt;Learn more&lt;/a&gt;&lt;/p&gt;</content>
    </contents>
   </layout>
  </page>
  <page author="" caption="Contacts" dateModified="09/24/2012 11:48:10" description="Description" keywords="Keywords" metaTags="" name="contacts" path="/contacts" showInHmenu="True" showInVmenu="True" showTitle="True" title="Contacts" titleInBrowser="Contacts">
   <pageHead></pageHead>
   <content>&lt;div class="art-content-layout"&gt;
    &lt;div class="art-content-layout-row"&gt;
    &lt;div class="art-layout-cell" style="padding-left: 10px; width:100%" &gt;
        &lt;p&gt;Et mauris id id non tortor senectus semper ac platea.  Dictum turpis faucibus sed urna hac eget rhoncus quisque eget vestibulum amet vestibulum blandit vel praesent. &lt;/p&gt;&lt;p&gt;Eget justo in enim gravida elit vel nisl varius in dui massa nunc. Vitae quis mi ut mattis nec. Et eget pellentesque pretium justo nulla ac laoreet luctus mi sed. Molestie ac vel viverra magna est fringilla. &lt;/p&gt;&lt;hr style="border:none;background-color:#b0b7c2;color:#b0b7c2;height:2px;"&gt;&lt;h4&gt;OUR ADDRESS&lt;/h4&gt;&lt;p&gt;Vulputate quis neque sit sem. &lt;br&gt;  Principale Città, Country 12345-6789&lt;/p&gt;&lt;p&gt;Pretium adipiscing.&lt;br&gt;  Pellentesque et et.&lt;/p&gt;&lt;p&gt;A. &lt;a href="#"&gt;http://www.domain.com&lt;/a&gt;&lt;br&gt;  A. &lt;a href="#"&gt;email@domain.com&lt;/a&gt;&lt;/p&gt;
    &lt;/div&gt;
    &lt;/div&gt;
&lt;/div&gt;
</content>
   <layout>
    <struct>&lt;div class="art-content-layout"&gt;
    &lt;div class="art-content-layout-row"&gt;
    &lt;div class="art-layout-cell" style="padding-left: 10px; width:100%" &gt;
        {content}
    &lt;/div&gt;
    &lt;/div&gt;
&lt;/div&gt;
</struct>
    <contents>
     <content>&lt;p&gt;Et mauris id id non tortor senectus semper ac platea.  Dictum turpis faucibus sed urna hac eget rhoncus quisque eget vestibulum amet vestibulum blandit vel praesent. &lt;/p&gt;&lt;p&gt;Eget justo in enim gravida elit vel nisl varius in dui massa nunc. Vitae quis mi ut mattis nec. Et eget pellentesque pretium justo nulla ac laoreet luctus mi sed. Molestie ac vel viverra magna est fringilla. &lt;/p&gt;&lt;hr style="border:none;background-color:#b0b7c2;color:#b0b7c2;height:2px;"&gt;&lt;h4&gt;OUR ADDRESS&lt;/h4&gt;&lt;p&gt;Vulputate quis neque sit sem. &lt;br&gt;  Principale Città, Country 12345-6789&lt;/p&gt;&lt;p&gt;Pretium adipiscing.&lt;br&gt;  Pellentesque et et.&lt;/p&gt;&lt;p&gt;A. &lt;a href="#"&gt;http://www.domain.com&lt;/a&gt;&lt;br&gt;  A. &lt;a href="#"&gt;email@domain.com&lt;/a&gt;&lt;/p&gt;</content>
    </contents>
   </layout>
  </page>
 </pages>
 <sidebars>
  <sidebar caption="" name="sidebar1">
   <block name="text-1" position="0" title="Services">
    <content>&lt;p&gt;Sapien pede orci. &lt;a href="#"&gt;&lt;img width="8" height="6" alt="" src="5.png"&gt;&lt;/a&gt;&lt;/p&gt;&lt;p&gt;Ligula convallis quis. &lt;a href="#"&gt;&lt;img width="8" height="6" alt="" src="5.png"&gt;&lt;/a&gt;&lt;/p&gt;&lt;p&gt;nam nisi leo. &lt;a href="#"&gt;&lt;img width="8" height="6" alt="" src="5.png"&gt;&lt;/a&gt;&lt;/p&gt;&lt;p&gt;Cursus luctus nullam. &lt;a href="#"&gt;&lt;img width="8" height="6" alt="" src="5.png"&gt;&lt;/a&gt;&lt;/p&gt;&lt;p&gt;Ullamcorper eu ipsum. &lt;a href="#"&gt;&lt;img width="8" height="6" alt="" src="5.png"&gt;&lt;/a&gt;&lt;/p&gt;&lt;p&gt;Pretium aenean blandit. &lt;a href="#"&gt;&lt;img width="8" height="6" alt="" src="5.png"&gt;&lt;/a&gt;&lt;/p&gt;&lt;p&gt;Vulputate sed accumsan odio. &lt;a href="#"&gt;&lt;img width="8" height="6" alt="" src="5.png"&gt;&lt;/a&gt;&lt;/p&gt;&lt;p&gt;Venenatis in pede. &lt;a href="#"&gt;&lt;img width="8" height="6" alt="" src="5.png"&gt;&lt;/a&gt;&lt;/p&gt;&lt;br&gt;&lt;p&gt;&lt;a href="#" class="art-button"&gt;Learn more&lt;/a&gt;&lt;/p&gt;</content>
    <pageHead></pageHead>
   </block>
   <block name="text" position="1" title="Connection">
    <content>&lt;p style="text-align: center;"&gt;&lt;img width="50" height="50" alt="" src="1305276470_social_facebook_box_white.png"&gt;&lt;img width="50" height="50" alt="" src="1305276480_social_twitter_box_white.png"&gt;&lt;img width="50" height="50" alt="" src="1305276487_social_rss_box_white.png"&gt;&lt;/p&gt;</content>
    <pageHead></pageHead>
   </block>
   <block name="text-2" position="2" title="News">
    <content>&lt;p style="border-bottom: 1px solid #374865"&gt;&lt;a href="#"&gt;Nam porta velit praesent in cursus lorem libero. Arcu ligula nec mollis volutpat. Nulla eget felis ac ut et feugiat vestibulum metus donec.&lt;/a&gt;&lt;br&gt;&lt;br&gt;&lt;/p&gt;&lt;p style="border-bottom: 1px solid #374865"&gt;&lt;a href="#"&gt;Praesent faucibus augue nec feugiat feugiat in non aptent. Rhoncus erat. malesuada quam consectetuer facilisis eu.&lt;/a&gt;&lt;br&gt;&lt;br&gt;&lt;/p&gt;&lt;p&gt;&lt;a href="#"&gt;Orci vivamus fusce et fermentum tincidunt ut tellus. Curabitur sed blandit donec auctor etiam egestas. Sit egestas praesent ultrices elit.&lt;/a&gt;&lt;/p&gt;</content>
    <pageHead></pageHead>
   </block>
  </sidebar>
  <sidebar caption="" name="content-before" />
  <sidebar caption="" name="content-after" />
 </sidebars>
</site>